{"cameraMode":{"drawMode":0,"name":"Shaded","section":"Shading Mode"},"sceneLighting":true,"audioPlay":false,"sceneViewState":{"m_AlwaysRefresh":false,"showFog":true,"showSkybox":true,"showFlares":true,"showImageEffects":true,"showParticleSystems":true,"showVisualEffectGraphs":true,"m_FxEnabled":true},"in2DMode":false,"pivot":{"x":22.54783058166504,"y":12.241848945617676,"z":-32.06462860107422},"rotation":{"x":0.040120214223861697,"y":-0.8751653432846069,"z":0.07368668913841248,"w":0.47650593519210818},"size":1.339827299118042,"orthographic":false}