{"cameraMode":{"drawMode":0,"name":"Shaded","section":"Shading Mode"},"sceneLighting":true,"audioPlay":false,"sceneViewState":{"m_AlwaysRefresh":false,"showFog":true,"showSkybox":true,"showFlares":true,"showImageEffects":true,"showParticleSystems":true,"showVisualEffectGraphs":true,"m_FxEnabled":true},"in2DMode":false,"pivot":{"x":17.628679275512697,"y":-7.983965873718262,"z":15.924192428588868},"rotation":{"x":-0.04426955804228783,"y":-0.9494816064834595,"z":-0.15663743019104005,"w":0.2683109939098358},"size":0.8660253882408142,"orthographic":false}